<?xml version="1.0" encoding="UTF-8"?>
<configurationDescriptor version="100">
  <logicalFolder name="root" displayName="root" projectFiles="true" kind="ROOT">
    <logicalFolder name="HeaderFiles"
                   displayName="Header Files"
                   projectFiles="true">
      <itemPath>config.h</itemPath>
      <itemPath>front_end.h</itemPath>
      <itemPath>read_command.h</itemPath>
      <itemPath>triag.h</itemPath>
      <itemPath>triag_plot.h</itemPath>
      <itemPath>utils.h</itemPath>
    </logicalFolder>
    <logicalFolder name="ResourceFiles"
                   displayName="Resource Files"
                   projectFiles="true">
    </logicalFolder>
    <logicalFolder name="SourceFiles"
                   displayName="Source Files"
                   projectFiles="true">
      <itemPath>front_end.c</itemPath>
      <itemPath>main.c</itemPath>
      <itemPath>read_command.c</itemPath>
      <itemPath>triag.c</itemPath>
      <itemPath>triag_plot.c</itemPath>
      <itemPath>utils.c</itemPath>
    </logicalFolder>
    <logicalFolder name="TestFiles"
                   displayName="Test Files"
                   projectFiles="false"
                   kind="TEST_LOGICAL_FOLDER">
    </logicalFolder>
    <logicalFolder name="ExternalFiles"
                   displayName="Important Files"
                   projectFiles="false"
                   kind="IMPORTANT_FILES_FOLDER">
      <itemPath>Makefile</itemPath>
    </logicalFolder>
    <itemPath>test.txt</itemPath>
  </logicalFolder>
  <projectmakefile>Makefile</projectmakefile>
  <confs>
    <conf name="Debug" type="1">
      <toolsSet>
        <compilerSet>default</compilerSet>
        <dependencyChecking>true</dependencyChecking>
        <rebuildPropChanged>false</rebuildPropChanged>
      </toolsSet>
      <compileType>
        <linkerTool>
          <linkerLibItems>
            <linkerLibStdlibItem>Mathematics</linkerLibStdlibItem>
            <linkerOptionItem>`pkg-config --libs allegro-5.0`</linkerOptionItem>
            <linkerOptionItem>`pkg-config --libs allegro_acodec-5.0`</linkerOptionItem>
            <linkerOptionItem>`pkg-config --libs allegro_audio-5.0`</linkerOptionItem>
            <linkerOptionItem>`pkg-config --libs allegro_color-5.0`</linkerOptionItem>
            <linkerOptionItem>`pkg-config --libs allegro_dialog-5.0`</linkerOptionItem>
            <linkerOptionItem>`pkg-config --libs allegro_font-5.0`</linkerOptionItem>
            <linkerOptionItem>`pkg-config --libs allegro_image-5.0`</linkerOptionItem>
            <linkerOptionItem>`pkg-config --libs allegro_main-5.0`</linkerOptionItem>
            <linkerOptionItem>`pkg-config --libs allegro_memfile-5.0`</linkerOptionItem>
            <linkerOptionItem>`pkg-config --libs allegro_physfs-5.0`</linkerOptionItem>
            <linkerOptionItem>`pkg-config --libs allegro_primitives-5.0`</linkerOptionItem>
            <linkerOptionItem>`pkg-config --libs allegro_ttf-5.0`</linkerOptionItem>
          </linkerLibItems>
        </linkerTool>
      </compileType>
      <item path="config.h" ex="false" tool="3" flavor2="0">
      </item>
      <item path="front_end.c" ex="false" tool="0" flavor2="0">
      </item>
      <item path="front_end.h" ex="false" tool="3" flavor2="0">
      </item>
      <item path="main.c" ex="false" tool="0" flavor2="0">
      </item>
      <item path="read_command.c" ex="false" tool="0" flavor2="0">
      </item>
      <item path="read_command.h" ex="false" tool="3" flavor2="0">
      </item>
      <item path="test.txt" ex="false" tool="3" flavor2="0">
      </item>
      <item path="triag.c" ex="false" tool="0" flavor2="0">
      </item>
      <item path="triag.h" ex="false" tool="3" flavor2="0">
      </item>
      <item path="triag_plot.c" ex="false" tool="0" flavor2="0">
      </item>
      <item path="triag_plot.h" ex="false" tool="3" flavor2="0">
      </item>
      <item path="utils.c" ex="false" tool="0" flavor2="0">
      </item>
      <item path="utils.h" ex="false" tool="3" flavor2="0">
      </item>
    </conf>
    <conf name="Release" type="1">
      <toolsSet>
        <compilerSet>default</compilerSet>
        <dependencyChecking>true</dependencyChecking>
        <rebuildPropChanged>false</rebuildPropChanged>
      </toolsSet>
      <compileType>
        <cTool>
          <developmentMode>5</developmentMode>
        </cTool>
        <ccTool>
          <developmentMode>5</developmentMode>
        </ccTool>
        <fortranCompilerTool>
          <developmentMode>5</developmentMode>
        </fortranCompilerTool>
        <asmTool>
          <developmentMode>5</developmentMode>
        </asmTool>
      </compileType>
      <item path="config.h" ex="false" tool="3" flavor2="0">
      </item>
      <item path="front_end.c" ex="false" tool="0" flavor2="0">
      </item>
      <item path="front_end.h" ex="false" tool="3" flavor2="0">
      </item>
      <item path="main.c" ex="false" tool="0" flavor2="0">
      </item>
      <item path="read_command.c" ex="false" tool="0" flavor2="0">
      </item>
      <item path="read_command.h" ex="false" tool="3" flavor2="0">
      </item>
      <item path="test.txt" ex="false" tool="3" flavor2="0">
      </item>
      <item path="triag.c" ex="false" tool="0" flavor2="0">
      </item>
      <item path="triag.h" ex="false" tool="3" flavor2="0">
      </item>
      <item path="triag_plot.c" ex="false" tool="0" flavor2="0">
      </item>
      <item path="triag_plot.h" ex="false" tool="3" flavor2="0">
      </item>
      <item path="utils.c" ex="false" tool="0" flavor2="0">
      </item>
      <item path="utils.h" ex="false" tool="3" flavor2="0">
      </item>
    </conf>
  </confs>
</configurationDescriptor>
