<?xml version="1.0" encoding="UTF-8"?>
<project-private xmlns="http://www.netbeans.org/ns/project-private/1">
    <data xmlns="http://www.netbeans.org/ns/make-project-private/1">
        <activeConfTypeElem>1</activeConfTypeElem>
        <activeConfIndexElem>0</activeConfIndexElem>
    </data>
    <editor-bookmarks xmlns="http://www.netbeans.org/ns/editor-bookmarks/2" lastBookmarkId="0"/>
    <open-files xmlns="http://www.netbeans.org/ns/projectui-open-files/2">
        <group>
            <file>file:/home/newtonis/NetBeansProjects/ITBA_PROG_TPS/tp9/main.c</file>
            <file>file:/home/newtonis/NetBeansProjects/ITBA_PROG_TPS/tp9/front_end.h</file>
            <file>file:/home/newtonis/NetBeansProjects/ITBA_PROG_TPS/tp9/triag_plot.c</file>
            <file>file:/home/newtonis/NetBeansProjects/ITBA_PROG_TPS/tp9/triag.h</file>
            <file>file:/home/newtonis/NetBeansProjects/ITBA_PROG_TPS/tp9/front_end.c</file>
            <file>file:/home/newtonis/NetBeansProjects/ITBA_PROG_TPS/tp9/triag_plot.h</file>
            <file>file:/home/newtonis/NetBeansProjects/ITBA_PROG_TPS/tp9/triag.c</file>
        </group>
    </open-files>
</project-private>
